Workbook

Sheet 00 Panduan
A1: UAT Uang Jalan Trip - Total Biaya dan Bon Ketiga Penutupan
A2: Dipakai tester untuk validasi label, rumus, modal penyelesaian, print, dan konsistensi lintas modul.
A3: Item | B3: Detail
A4: Dokumen referensi | B4: docs/UAT_UANG_JALAN_TRIP_SETTLEMENT.md
A5: Build/commit acuan | B5: dc65a69 - Update driver voucher settlement labels
A6: Akun owner | B6: owner@company.local / owner12345
A7: Akun operasional | B7: admin@company.local / admin12345
A8: Akun finance | B8: finance@company.local / admin12345
A9: Cara mulai | B9: Pull main terbaru, jalankan npm run typecheck, npm run lint, npm run build, lalu buka Web Admin > Uang Jalan Trip.
A10: Aturan test visual | B10: Untuk test yang tidak boleh mengubah data, buka modal Selesaikan Trip tetapi jangan klik tombol final.
A11: Aturan test mutasi | B11: Untuk test submit penyelesaian, wajib memakai data dummy/staging dan cek ulang Rekening & Kas, Jurnal Umum, laporan, trip detail, dan profil driver.
A12: Exit criteria | B12: Semua P0 harus Sesuai, tidak ada mismatch uang/jurnal/kas, dan istilah lama Sisa Bon Operasional serta Bon Ke-4/Bon Ke-5 tidak muncul.

Sheet 01 Data Uji
A1: Total Uang Diberikan | I1: Total Biaya | J1: Bon Ketiga Penutupan | K1: Sisa/Pengembalian Aktual | L1: Expected Output
A2: Isi nilai sesuai staging/local. Kolom expected membantu tester mengecek perhitungan manual.
A3: Kode | B3: Kondisi | C3: Bon 1 | D3: Bon 2 | E3: Bon 3 Tercatat | F3: Biaya Lain-lain | G3: Upah Borongan | H3: Total Uang Diberikan | I3: Total Biaya | J3: Bon Ketiga Penutupan | K3: Sisa/Pengembalian Aktual | L3: Expected Output
A4: DATA-A | B4: Total biaya lebih besar, sudah ada Bon Ketiga tercatat | C4: 1000000 | D4: 3000000 | E4: 100000 | F4: 100000 | G4: 4100000 | H4: =C4+D4+E4 | I4: =F4+G4 | J4: =I4-C4-D4 | K4: =I4-H4 | L4: Total Biaya Rp4.200.000, Bon Ketiga Penutupan Rp200.000, sisa dicairkan Rp100.000.
A5: DATA-B | B5: Total biaya lebih besar, belum ada Bon Ketiga tercatat | C5: 1000000 | D5: 3000000 | E5: 0 | F5: 100000 | G5: 4100000 | H5: =C5+D5+E5 | I5: =F5+G5 | J5: =I5-C5-D5 | K5: =I5-H5 | L5: Total Biaya Rp4.200.000, Bon Ketiga Penutupan Rp200.000, sisa dicairkan Rp200.000.
A6: DATA-C | B6: Uang diberikan lebih besar dari total biaya | C6: 2000000 | D6: 3000000 | E6: 0 | F6: 100000 | G6: 4100000 | H6: =C6+D6+E6 | I6: =F6+G6 | J6: =I6-C6-D6 | K6: =H6-I6 | L6: Pengembalian Sisa Bon Rp800.000. Tidak memakai Bon Ketiga Penutupan sebagai action utama.
A7: DATA-D | B7: Uang diberikan sama dengan total biaya | C7: 1200000 | D7: 3000000 | E7: 0 | F7: 100000 | G7: 4100000 | H7: =C7+D7+E7 | I7: =F7+G7 | J7: =I7-C7-D7 | K7: =I7-H7 | L7: Tidak ada selisih bayar/kembali. Rekening/kas tidak wajib bila balance 0.
A8: DATA-E | B8: DO belum punya final aktual/overtonase final | L8: UI tidak crash; teks menunggu aktual final tetap mengikuti workflow existing.

Sheet 02 Checklist UAT
A1: Hasil | I1: Bug / Ketidaksesuaian | J1: Evidence | K1: Tester | L1: Tanggal
A2: Pilih Hasil: Sesuai, Ada Bug, Blocked, N/A. Isi bug/evidence bila tidak sesuai.
A3: ID | B3: Prioritas | C3: Modul | D3: Skenario | E3: Data Uji | F3: Cara Test Detail | G3: Output yang Diharapkan | H3: Hasil | I3: Bug / Ketidaksesuaian | J3: Evidence | K3: Tester | L3: Tanggal
A4: UJT-01 | B4: P0 | C4: Pull & build | D4: Pastikan branch terbaru sebelum test | E4: Repo lokal | F4: Jalankan git pull --ff-only origin main, npm run typecheck, npm run lint, npm run build. | G4: Pull sukses/up to date. Typecheck dan build sukses. Lint 0 error; warning unused boleh dicatat bila tidak terkait perubahan. | H4: Belum Dites
A5: UJT-02 | B5: P0 | C5: Detail Uang Jalan | D5: Ringkasan DATA-A menampilkan angka client | E5: DATA-A | F5: Buka Uang Jalan Trip > Detail. Cocokkan kartu ringkasan bagian atas. | G5: Tampil Total Uang Diberikan Rp4.100.000, Biaya Lain-lain Rp100.000, Total Biaya Rp4.200.000, Upah Borongan Rp4.100.000, Bon Ketiga Penutupan Rp200.000. | H5: Belum Dites
A6: UJT-03 | B6: P0 | C6: Detail Uang Jalan | D6: Label lama tidak muncul | E6: DATA-A | F6: Di halaman detail, cari teks tampilan secara visual atau browser find. | G6: Tidak ada Sisa Bon Operasional. Tidak ada Bon Ke-4 atau Bon Ke-5. | H6: Belum Dites
A7: UJT-04 | B7: P0 | C7: Detail Uang Jalan | D7: Penjelasan Bon Ketiga jelas | E7: DATA-A | F7: Baca deskripsi di bawah kartu Bon Ketiga Penutupan. | G7: Teks menjelaskan total biaya dikurangi Bon Pertama dan Bon Kedua. Jika sudah ada bon penutup: tampil sisa dicairkan saat penutupan Rp100.000. | H7: Belum Dites
A8: UJT-05 | B8: P0 | C8: Modal Selesaikan Trip | D8: Ringkasan modal tidak dobel/salah label | E8: DATA-A | F8: Klik Selesaikan Trip, jangan submit. Lihat ringkasan paling atas modal. | G8: Modal menampilkan Total Uang Diberikan, Biaya Lain-lain, Total Biaya, Bon Ketiga Penutupan. Tidak ada label dobel Total Biaya. | H8: Belum Dites
A9: UJT-06 | B9: P0 | C9: Modal Selesaikan Trip | D9: Rekening/kas wajib saat ada selisih | E9: DATA-A | F9: Di modal, kosongkan rekening/kas lalu klik tombol final pada data dummy. | G9: Sistem menolak dan menampilkan warning pilih rekening penyelesaian. Data voucher tidak berubah. | H9: Belum Dites
A10: UJT-07 | B10: P0 | C10: Modal Selesaikan Trip | D10: Submit penutupan membayar sisa yang benar | E10: DATA-A dummy | F10: Pilih rekening/kas, klik Selesaikan & Catat Bon Penutupan. | G10: Voucher selesai. Transaksi kas/bank untuk pencairan penutupan adalah sisa Rp100.000, bukan Rp200.000 dobel. | H10: Belum Dites
A11: UJT-08 | B11: P0 | C11: Modal Selesaikan Trip | D11: Kasus belum ada Bon Ketiga tercatat | E11: DATA-B | F11: Buka modal penyelesaian. | G11: Bon Ketiga Penutupan Rp200.000. Jika ada baris sisa dicairkan, nilainya tetap Rp200.000. | H11: Belum Dites
A12: UJT-09 | B12: P0 | C12: Modal Selesaikan Trip | D12: Kasus uang driver harus dikembalikan | E12: DATA-C | F12: Buka detail dan modal penyelesaian. | G12: Label Pengembalian Sisa Bon Rp800.000. Tidak tampil Bon Ketiga Penutupan sebagai action utama. | H12: Belum Dites
A13: UJT-10 | B13: P0 | C13: Modal Selesaikan Trip | D13: Kasus tidak ada selisih | E13: DATA-D | F13: Buka detail dan modal penyelesaian. | G13: Tidak ada selisih yang perlu dibayar/dikembalikan. Rekening/kas tidak wajib bila balance 0. | H13: Belum Dites
A14: UJT-11 | B14: P0 | C14: List Uang Jalan Trip | D14: Kolom list memakai Total Biaya | E14: DATA-A/B/C | F14: Buka Uang Jalan Trip, cari voucher. | G14: List menampilkan Total Biaya. Tidak ada kolom Sisa Bon Operasional. Angka list sama dengan detail. | H14: Belum Dites
A15: UJT-12 | B15: P0 | C15: Print Uang Jalan | D15: Print ringkasan sesuai istilah baru | E15: DATA-A | F15: Di detail voucher, klik Print, lihat preview. | G15: Print menampilkan Total Biaya, Biaya Lain-lain, Bon Ketiga Penutupan, dan sisa dicairkan bila relevan. Tidak ada Sisa Bon Operasional/Bon Ke-4. | H15: Belum Dites
... A25: UJT-22 | B25: P1 | C25: Regression teks | D25: Tidak ada teks lama di build | E25: Source/build lokal | F25: Jalankan rg -n "Sisa Bon Operasional|Bon Ke-4|Bon Ke-5|Total Hak Trip|Total Klaim Trip" src. | G25: Command tidak menemukan match untuk istilah lama tersebut. | H25: Belum Dites

Sheet 03 Ringkasan
A1: Ringkasan Eksekusi UAT
A2: Formula otomatis membaca sheet Checklist UAT.
A3: Metric | B3: Nilai | C3: Keterangan
A4: Total Test Case | B4: =COUNTA('02 Checklist UAT'!A4:A25) | C4: Jumlah semua test case.
A5: P0 | B5: =COUNTIF('02 Checklist UAT'!B4:B25,"P0") | C5: Prioritas wajib pass.
A6: P1 | B6: =COUNTIF('02 Checklist UAT'!B4:B25,"P1") | C6: Prioritas pendukung/regression.
A7: Sesuai | B7: =COUNTIF('02 Checklist UAT'!H4:H25,"Sesuai") | C7: Test pass.
A8: Ada Bug | B8: =COUNTIF('02 Checklist UAT'!H4:H25,"Ada Bug") | C8: Harus ada evidence dan langkah reproduce.
A9: Blocked | B9: =COUNTIF('02 Checklist UAT'!H4:H25,"Blocked") | C9: Tidak bisa dites karena data/env/akses.
A10: N/A | B10: =COUNTIF('02 Checklist UAT'!H4:H25,"N/A") | C10: Tidak berlaku untuk scope build.
A11: Belum Dites | B11: =COUNTIF('02 Checklist UAT'!H4:H25,"Belum Dites") | C11: Sisa test belum dijalankan.
A12: Exit Criteria | B12: Semua P0 Sesuai | C12: Tidak ada bug Critical/High dan tidak ada mismatch uang/jurnal/kas.
